url_path,views_total,views_unique
/vandan-revanur/pychemprojections,43,18
/vandan-revanur/pychemprojections/projects,23,3
/vandan-revanur/pychemprojections/blob/master/examples/fischer_projection.ipynb,10,1
/vandan-revanur/pychemprojections/tree/master/examples,7,4
/vandan-revanur/pychemprojections/actions,6,3
/vandan-revanur/pychemprojections/blob/master/examples/newman_projection.ipynb,3,2
/vandan-revanur/pychemprojections/blob/master/examples/wedgedash_projection.ipynb,3,1
/vandan-revanur/pychemprojections/issues,2,2
/vandan-revanur/pychemprojections/blob/master/MODULE.bazel,2,1
/vandan-revanur/pychemprojections/blob/master/WORKSPACE,2,1
